{"cameraMode":{"drawMode":0,"name":"Shaded","section":"Shading Mode"},"sceneLighting":true,"audioPlay":false,"sceneViewState":{"m_AlwaysRefresh":false,"showFog":true,"showSkybox":true,"showFlares":true,"showImageEffects":true,"showParticleSystems":true,"showVisualEffectGraphs":true,"m_FxEnabled":true},"in2DMode":false,"pivot":{"x":0.6410335302352905,"y":1.0526973009109498,"z":-12.570433616638184},"rotation":{"x":-0.21169544756412507,"y":0.6922563910484314,"z":-0.22466185688972474,"w":-0.652312695980072},"size":0.6697852611541748,"orthographic":false}